pheno,PC1,PC2,PC3,PC4,PC5,PC6,PC7,PC8,PC9,PC10
110.917,-90.4331905563913,-10.6968782848944,59.9515058351151,-3.79758501535637,2.62712555834965,-0.109827972706732,1.41747846689015,-0.490017978788844,0.944942204162864,3.1668098624584
143.5,138.78719023354,64.2449223466863,15.984770021366,0.641920094516864,-11.2194823111807,-37.4936867400881,20.0041565032048,3.86667336238189,-2.19095211540551,2.43964434788033
128.083,113.329268880514,-65.4028165383149,-13.0040675106306,-18.1200285801719,-2.75044621982626,-29.2591720148304,-52.120204940892,17.5248820567282,44.3414468901635,0.710543903695402
153.75,-8.12720746571354,-23.7121564901187,-8.91834858198079,123.338564068529,3.20892328104116,-2.62518228799814,-5.90571853334174,14.3727401339045,-4.02025582057886,-1.99733290772112
148.333,106.974703154163,-63.3638996236281,-12.7766481578938,-18.4360613633929,-0.651823436396472,-32.6662775001046,-57.3435192677439,17.0697533244842,47.7895264769749,2.44967956054804
119.6,-52.2947910305102,8.9576752698064,-53.0234459780597,-2.089620310765,-4.07408131043935,-2.72058978091763,-4.13102648562904,-1.87788411044496,1.42489182805252,-9.84667944251953
147.417,-61.9079202693789,10.5204825430255,-52.9370796151506,1.28340346868302,-16.4817364248644,1.29724415064919,-5.66329016584015,-9.46981996353234,0.914604558006239,-0.295533056928329
128.875,-78.1380843387413,-9.4845559134387,36.379977630407,7.47723695893242,0.146586859419354,-1.47451587425962,-1.02734855829171,-11.8095509092638,5.65526976213573,15.962686961458
83,-92.3637138254919,-9.40097039315661,64.7121740893889,-6.36468773941632,0.435079515807082,-0.879968203076401,0.663767688908299,12.362085600592,-4.78204069093263,-20.9955708061316
135.167,114.596477099788,-92.6871147741343,-10.1228129364649,-5.69331430606463,-4.17066924559887,2.20633622047932,6.2811817888983,-6.18310422307973,-4.15191266499874,0.561980824422629
117.889,-62.7235139729375,10.5203227979954,-54.6843614465097,-4.20025549743104,9.93094525142753,-8.69544718080483,-2.07464584995378,-18.9596030997633,3.21029520623334,-14.5668232348485
161.833,-1.74184384280393,-30.1716341286358,-7.88233067741566,126.055849762185,2.35297093231898,-2.73521549308821,-5.52784801368127,16.8825543002701,-1.57018182322297,-1.81383612503586
88,124.471371187285,59.6701133173609,20.9850960794518,-1.87659938979658,9.16065830934944,30.829973268861,-27.2618356180422,1.36587144616591,-18.2764383946477,9.49108409662534
132,116.58652935485,-83.322362745331,-5.68474268251633,-2.77711422979406,0.470908805977323,22.4087759321044,45.4476638694823,-16.1425621259608,-38.375090015865,1.22973664146867
130.5,-82.3125410338739,4.74391819469931,-7.29650522791655,-16.0498122779392,-29.778457325151,11.5945950964769,0.191185519998035,37.2073842731531,-9.024603075562,5.3917026188868
120.667,-65.2004757211525,12.3454911195823,-59.3829570934164,-3.80656243215646,18.3657534375589,-9.98797761460214,2.79596042757951,-10.8809120121594,1.18008547609516,-6.39600587632754
112.444,-64.7880927168334,13.6207908847434,-60.0123459918967,-8.00014730344255,-20.2690517558535,6.23399903902431,0.0432436694127143,5.22904930832067,1.68164928587917,1.72738977038696
132.833,-69.314564608352,15.0444411523981,-65.3546987202069,-5.66655697243413,-39.6435160002478,12.2848877443522,-2.6960640136854,21.8218746541397,-3.38915063096714,11.0331687602355
132.125,-66.3110179664144,16.243459536121,-64.9721795703601,-4.84178832979184,-34.8787140660437,11.3098141789798,-2.62968719355762,19.6900705575804,-1.62951236712304,9.27175924395854
136.917,-69.3481833077293,15.017791349498,-65.2804242320494,-5.54358959323458,-39.6581321623153,12.2762621896301,-2.81724595885468,21.6051252400392,-3.41191724860295,10.8786169138693
96.3333,-64.3072702470765,13.1068872990287,-62.6475673999784,-11.1659796998197,-25.21485262642,4.16300048666859,0.31516721210265,-5.03720123948495,-4.2047850807707,-3.13308053497554
121.889,127.230894837048,53.4919520528352,15.0433090636893,1.22415717641619,-0.704744614525997,9.98584813865017,2.19054048676727,-3.6028311141581,10.2845644091467,-17.5263253916288
118.333,-93.6731885541791,-9.58443194577137,67.3670347363993,-7.76198906075686,1.16474872909492,-0.482503246291963,1.0245758962683,16.0526867535505,-5.43872786335445,-22.8825268554977
128.111,-90.040301520892,-9.10641844251105,54.7212521803081,-2.1933413623142,1.46041053851101,-2.62145899924476,1.16487709161296,2.0190988355362,-1.71272617936551,-12.2875385875519
126.25,122.211167681391,-97.9100645438535,-10.9445663498049,-10.3100663223849,-1.22287994085016,-9.11796111536222,-10.6523703027676,6.66758493383524,2.99835991730529,6.10178018203148
117.556,124.518279698889,33.089322008123,12.7955961503742,5.55026051620198,-0.513240389863446,37.2870418508114,10.0378527210854,-1.72875482613126,33.8262030173889,-13.5868928589256
105.5,132.964363905877,34.2061377667869,14.3942000959086,4.02827842168135,4.37757073105129,42.525015702504,18.7758407873123,-3.89069180274023,28.562882469091,-13.6507172039648
150.417,130.041021931639,-45.8440596368648,-0.466311330980209,-10.9732016804196,-0.21995496225022,-0.147236751286027,-5.22490776946145,-0.535865554049044,8.82575787040163,-0.819737479470633
114.75,-64.0032017522712,2.21543057044305,-10.9040868025133,10.3662597098694,1.14403259742131,-7.46484873012227,-7.33793139724665,-22.7348084704635,8.27663425894341,-8.88726105640625
136,124.834728819371,-84.8613902079719,-9.81972044546436,-14.1511986677053,-0.37321644123733,-19.3694747441546,-28.8888335465764,7.38347556158606,18.9806791627336,1.99547297341299
141.167,-15.0212300078667,-23.2668417735674,-8.46732550266171,120.576403234672,2.20647218274941,-5.78292066784597,-6.47338906777318,11.2763187713462,-1.05487157431867,-1.05936288916431
127.25,-68.7347090091563,14.8493409903649,-64.2185265079551,-7.96535206168232,-25.4650757372497,3.14068468611892,-1.34615119891117,-1.44235808477144,-1.61005499008871,-1.70018095690682
127.167,118.076146532408,-89.5724890367072,-8.74819332383743,-4.8732388511821,3.77654649104981,26.8326015829663,42.71294756947,-17.1526616633847,-46.0866207716505,-1.52857980814673
130.583,126.181595011286,-99.8158608031999,-8.61907542971542,-11.0458110084239,-0.395482835423136,5.20891274061002,7.85027482804027,-4.14592226269721,-19.0188864570796,-4.90872989276219
123.143,-90.5429988347165,-9.84045027802637,60.827014152335,-7.37931814920877,0.797709472675709,-0.398207028305759,1.14176789431959,11.235990171322,-3.17957150559185,-17.1230938450774
152.5,-2.0298349924814,-29.9230967599248,-7.78149023521624,125.093029927141,2.06740077843429,-2.86201856641986,-5.42655324113518,16.776368940848,-1.24707195594175,-1.78815129313067
77,-92.6705017716818,-9.21819097542813,61.30443574987,-7.58765836825103,-0.202931179065465,-0.539724085701933,0.372508154063014,9.11055839283816,-3.44846747749195,-18.7099660723383
137.167,136.938808848623,64.0255297252307,17.6185678440893,-0.491125667792483,-13.6347007746356,-52.5024484756141,13.9455979264596,5.09378771482231,-17.8812087211947,7.43483452096974
129.167,120.28034255265,-87.2307344107182,-5.46435369179739,-6.5369412580663,-2.41466745503173,-0.724672602353518,7.25301831375919,-1.46226083301803,-5.61139359457573,3.41994741641062
136.556,-63.7934698014247,9.45858469002414,-41.4426069397075,6.53556788284807,-9.58633207175962,-6.16444464701063,-3.70356795406938,-20.131611512875,1.1697161004042,-20.4067117656605
128.917,-74.6821023353814,3.3149410838955,7.89978817919936,-1.33377591264636,-6.96429095998177,-4.6502701846628,-4.8060489912482,-10.6930476653548,-5.35612246572315,-32.0701792010991
142.417,136.521597667488,64.257243399098,18.0895963263068,0.916510613824505,-4.15444285423936,-15.8986658141906,6.69897725748315,2.67928877085996,-1.19896519939199,-0.53944317378059
129.583,-69.3764893279552,15.0913643628176,-65.3994215321084,-5.60188574666618,-39.6950044425207,12.2699772015352,-2.81097411323527,21.7341644670002,-3.35395106623747,10.9257888265982
123.917,-86.2002813269077,-8.62299379509767,53.1463461836572,-2.97962479879257,-0.460595539394067,-1.56300543420402,0.0209180913871063,0.60904484692412,-0.0760063834239365,-2.04745012951051
87.4444,51.5565031357303,45.4413655619203,-13.9517645233473,-2.31464626163246,-6.50107008256089,-33.8388481233316,5.67955372861026,-11.3461195246232,-12.505742671234,0.546420882295892
113.583,-67.3132021760696,14.822548242077,-63.4280516707418,-6.33894528725939,-26.5131291640165,4.00237549218583,0.092027161423415,3.6652268866068,-1.89336757415461,-0.527105813425163
128,-64.6008087695157,14.9456911093009,-63.3574662487506,-8.16422186899824,-21.5275341287348,0.874017316818479,-1.22797023501205,0.306667532523915,1.48919718590431,-2.22122547763331
99.1667,134.066235522369,56.1637827923016,17.7797973418244,2.51848701793796,10.5975569958652,38.5039446411776,-33.6058989290338,-5.21802470295813,-25.652482265206,11.4555124527276
102.917,-65.034304499364,13.0502148281308,-63.2553877706949,-11.0727009640421,-25.1454505329256,4.31152542288204,-0.0883276712120353,-4.42783821418552,-4.07338521842173,-2.63815568194848
104.083,124.481472109566,59.5597266945047,14.2809192379525,-2.04050943643088,8.15164852487909,24.6770048643442,-34.2526479007142,-1.07608610360623,-23.0147918534407,9.60484055590598
132.417,-27.5165266921992,17.1771325073225,-37.0119721003463,6.34783166480706,-5.01430092973317,-2.59725244193466,-9.69762178696011,-28.5640276014149,5.1525573628441,-15.4423465759336
94.0833,132.225310420336,67.3334885978296,18.785144728159,-1.91812703970483,5.15016337575784,16.1383277339881,-30.2008661536089,-0.176961327854324,-30.9590178679359,15.7168582660645
144.8,129.51584843384,40.173974039707,14.2244240192264,0.137594246684288,0.509117420294442,24.585805802879,11.6977187528105,7.8787622871147,39.6138303689956,-6.06869068400168
133.75,111.37226834867,-91.3815343391418,-10.160430125831,-7.23887672923572,-0.925530258227323,-1.97893345351157,-2.49249531292821,2.7836297202112,-2.59949530529239,6.27717258731221
91.1667,-87.6906219819559,-5.47397139520483,40.3765933869995,-13.7140392347448,-8.09531341093682,4.36232921281857,1.95326735115245,25.2400792297994,-7.03114705616443,0.100569659877082
106,26.1199340848531,4.99256308206576,-21.8526868226462,31.8797717689766,3.59595502481784,18.5424512986479,23.8812663572155,13.7230613584507,21.1997724633108,-0.102502859876861
139.333,119.399989552755,-95.3970611648763,-12.4145068376414,-12.5894530430694,0.372529926782403,-11.5302392997892,-18.6507439580227,5.46235035741826,6.91130345007861,-0.163978853910177
106.6,-91.887120528404,-8.84489051659578,59.2449658776156,-6.15901183350581,0.10976576580007,-1.66560775305145,0.361089771676757,6.32609531519237,-2.20853642823099,-17.422346525162
132.583,-62.9969936710909,9.55795071040249,-47.4315009676885,5.04255726717126,-6.26592774057294,-5.97669577786416,-6.94373728133203,-35.2207612575125,1.8860098563113,-12.5611284212671
143.167,122.150601520218,-82.4990273552319,-7.9276690579522,-5.33070397023156,0.456696981424355,9.51937949684607,19.8470132634178,-8.63716355630494,-23.2097184648601,-2.53023506682413
116.125,-62.7909850077006,2.05439903286195,-12.1941672060139,10.3993319344793,2.94567945737831,-8.18442866959402,-6.19458690826534,-19.028987886468,8.35234342035921,-6.83833998434534
137,108.399170340901,-63.8216884798604,-12.6021011372307,-16.4039910209305,1.83604220806568,-31.3552527965733,-52.7273536557809,16.2932749133757,47.5566170156981,2.58850018617645
114.667,-65.0894149078832,10.4000168153979,-56.3494933131449,-7.1217141172729,5.01721298899,-8.79239765385847,0.461912282594734,-15.1506793173679,1.09738530225313,-15.2309913014728
123.444,-67.185633014792,14.4343495447137,-62.5268645022653,-3.34509453834905,-33.2895689888637,9.7124865324519,-1.5349109428619,15.0996060091352,-1.79635257255346,6.49779118606716
150.444,-13.6538342006344,-23.8137432989863,-9.24801621117243,120.262405679103,2.1487332243932,-5.29408335137001,-5.45361421428836,12.9666891378586,-1.8252961435444,-1.68797046019137
93.1667,-92.8847201376249,-9.11671642321247,66.2567094311489,-7.10854101758691,1.16854285464699,-1.62925193428643,0.970734488543738,13.3499179662018,-4.48785598755943,-22.7378587110215
101.667,-67.2649515045322,4.07472952535993,-24.7777297311816,3.29163142602287,-0.910006980414358,-8.01108681138878,-6.27719794562908,-22.3361749019919,4.79238841202037,-9.16917911940248
140.5,129.479949850683,55.2082285127875,14.7555805273828,-0.18512987250189,-7.56541103868217,-14.0178617899223,10.1253839990555,-0.857316178932805,0.10137020312282,-12.8311396711128
83.8889,-53.1730879236301,11.8083877598032,-45.1211729635589,-4.59201844662694,49.607054376851,-0.289424347939168,8.60052175561386,10.4423697468645,-0.750960677070071,6.18587892945259
134.333,-66.5524063553906,11.8866059284201,-60.6051201059254,-4.34067588654453,-30.569723468924,4.50663759863289,0.54585022323604,1.7382396149459,0.476392648624499,6.83409902925723
114.889,-80.7843250122256,4.18041262722562,-3.2984501221984,-12.7512492573894,-18.3291428991956,4.06749425129099,0.320505258424363,25.7866982405576,-6.83796740838981,-2.57664458812966
86.1667,-58.6516369462806,16.7258588998138,-56.6598493235595,-12.2169983302719,56.6489070996529,-8.11144712074106,4.08037538685999,8.20453581431183,-1.13930809654241,-0.661574407646427
105.5,123.399182541002,61.4686234693207,15.6251570179636,-5.71093626342547,10.957504373611,35.0192952069215,-34.871356158755,-5.93892543511084,-21.9903677692654,9.88049585298042
95.0833,-82.0761732541389,-3.32280474938893,58.6839199632996,-6.58506515325929,7.38657151963376,3.01096479861814,-0.482466346729785,16.4608821415574,-6.48670706027877,-18.1078442586539
131.111,109.393782782041,-63.9066029085445,-12.6593640284235,-15.8906148288442,-1.91239481681367,-30.8335714840647,-51.4562215661285,18.9013011352295,43.7278435629958,3.79167233892514
93.8333,122.491139522711,52.9590935136141,16.0204291411435,-9.94887773840841,14.0404519008407,27.2979194851066,-26.133884329789,-15.8227815084827,-21.9912078298184,2.67997820745419
114.25,-68.6402149709169,14.8278801086586,-64.2578714896975,-8.04769493769186,-25.5126439125673,3.1462168033609,-1.36980628554245,-1.48351903308242,-1.58688008175554,-1.60674296233179
112.778,-66.7418707295787,9.63569622110945,-53.4960711687468,2.3994329124801,-19.8765719615573,-0.922784789235121,-7.17899928960634,-31.2528619796734,2.44695452614856,-12.4554703264226
143.444,135.511163834821,39.9593752199238,14.6996631942887,3.94807780186891,0.887535377583418,28.8744640747801,18.8631545595803,0.908326744119735,23.2502950797522,-6.62750900133422
90.9091,-87.4777802602029,-9.14857625099162,55.8660176579862,-0.273052407157202,1.01430195290582,-1.12595422470387,-0.275629985772833,-7.77973104614636,3.71148659015623,9.23635145294815
108.833,-75.5087885818142,8.9803344529274,-18.6829454359692,-14.140467087101,-15.2759298897012,0.691642716492871,-0.27842327046919,19.5431493550755,-6.66882039615398,-5.20031599774483
123.333,-74.9000347007043,-10.9119527294453,37.4034564942583,13.2481810988539,2.01332970915316,-2.06120864303543,-1.46205511419297,-15.5170641973867,5.6120700352345,16.9684535363097
136.083,-65.70928724778,14.2984453539699,-58.9985216258861,-3.700472171653,-24.0187187611263,6.62895906195638,2.08401989481125,7.32919730586967,-0.164387301158742,1.13242949806805
135.083,140.180527053801,63.7145630241671,16.4610278294807,-0.286931994831869,-9.9394929865387,-37.518126910699,12.8947600128353,4.02858555392298,-4.97438490214041,4.79513900013727
106.889,-87.75553376492,-11.2515925657107,53.5988106419153,-1.24862321655777,3.96967959262129,-2.08806881520512,1.58575660150094,-8.59897920760513,5.35651476743819,13.8199023020512
90.9167,104.50448612748,50.6110426949704,8.45221805475867,2.12776857308183,18.5402641081706,32.5943480232488,-31.9675249853339,7.11879195309344,-16.1754618020804,8.03688969738709
135.083,-63.7975311556632,14.3864275920438,-63.1502970655972,-7.62889756000546,-23.5796340139226,1.36717502674483,0.841396277840635,-3.40863292123912,0.267913312471965,-6.20660923506296
160.167,-44.7042668907724,11.6414838463464,-35.2900074258372,9.04842466231567,17.3792797643303,0.828535335107297,-4.64853374569657,-16.4592815142907,7.2434445270212,-0.375409547164124
132.111,138.152668377811,64.3603916205851,17.960077498336,-0.247324539944268,-13.5096867480687,-52.8884636741372,13.8577075713686,5.01214905774773,-18.1903422008182,7.52176987930484
153.083,140.104045278443,61.5543874488843,17.5912302972573,1.41962131483075,-9.59976751474953,-31.719097634968,17.9110223583035,5.3024999651126,-3.25142505888558,5.57741044105725
116.556,-85.1690374925338,-0.595508212354913,15.9311236333333,-14.781208545439,-17.7042705287188,4.72016575337582,-0.070331007677148,11.7074534143879,-3.99998005584794,-4.27246011789621
136,136.175914477772,64.0146897644131,17.5102971220502,-0.350704131351949,-13.6622645803567,-52.4244768871114,13.7603279342106,4.60188196613893,-17.8051434234251,7.62366429359822
144.333,138.146832922651,64.7403720227016,17.7972810778441,-0.456673019496124,-13.3732797564289,-52.7445035556455,14.0015121373615,5.03970827347246,-18.2378563774541,7.69009838034639
139.6,115.833077686621,-88.9832954920009,-7.47416450578396,-4.71803800459886,-5.28519140153778,2.13232772235362,4.73892561670505,0.359000809915026,1.81262227275407,6.15722465039471
128.889,127.577552468002,55.6439275887021,12.6821220369873,-2.55584600333227,11.9037134011154,38.5051343357249,-33.9924621231858,-8.55417851764063,-9.17586829228787,-1.76524277985046
110.818,-85.9552215182949,-3.11735964083763,25.3468668439116,-5.56966500046321,-10.7028789032989,2.10213284135506,-0.474366248923982,3.55053597194173,0.854238178223535,12.798266777471
87.5,133.563842492536,52.6191514270447,16.0627308674238,0.498511102086414,0.885275329140174,19.5077792474557,-7.93895473127336,3.00236506981223,16.2880404162639,-9.91741521410694
130.222,133.282540350275,58.7121569557082,14.6834770577618,-1.67200645003496,-12.4083267948056,-43.3054713943849,20.6972317633725,2.38119577572112,1.50952007319674,4.26144984892991
139.222,130.608579764283,33.5812980299992,12.8169433763178,4.81440723259139,3.7595995043745,43.2595133579954,18.7755421260347,-1.83338260136373,30.9124300101033,-13.2044233257399
107.1,-52.7617353136325,15.3494087422348,-53.7921536491607,-11.669072436583,49.6880870286023,-7.32522999821102,7.89659788623274,8.15549138787821,-2.03654333630075,4.26814228972378
99.8182,-70.0731120116774,10.4330017496433,-36.792049028273,-9.50769327880626,15.9995966424867,-5.35754422689328,5.67514586080679,11.3467337907671,-2.452685147969,-2.25637679119504
129.333,129.756730641125,48.9407068200983,12.7029589783984,1.20462926459996,4.3955615250043,16.500001475401,-9.79012123077914,-6.86331200623078,10.1273119842466,-18.3649380941796
194.333,115.833011193248,45.7256335982857,13.2352944224242,-0.0369253934449575,-1.80924791784931,4.58391828067783,-6.81351959439722,-2.92024726332765,11.2372923364358,-19.6537543618512
97.5,-93.4014742825992,-10.046743644979,68.2738418695315,-7.48090936175529,-0.0711578015686523,-0.721854525144715,1.64408665357288,16.1238838238216,-5.41818572123408,-22.0009120649806
75,-91.9773420196321,-8.83548311057162,64.2891990311014,-6.70776629915656,0.692084034540888,-1.41349107570288,0.407390349691451,11.608248093871,-4.45380861719934,-21.8404162593734
157.1,126.850299256279,52.2400950071607,10.431911334406,-3.25345151229526,4.13940503538219,17.2442542214792,-8.47676969223117,3.63527868992819,11.6735476673256,-16.1187659732479
70,127.360943808487,44.7789042930744,16.0156484468531,1.15551353576487,-3.66071276725253,8.15701898475422,7.85053878534391,-0.495773030103372,13.1765410237123,-18.5109861891754
105.917,-65.4243428146896,11.2307389859841,-53.1109505419943,-8.68602076591708,26.2088865180266,-7.13391931086176,3.99523911361,-4.82170320271872,2.40830947648755,-2.62644566029314
90.6667,128.188014884779,13.4177765652626,9.07982928131675,2.22720738881787,0.887944900463239,22.879862211781,15.3852495891373,-3.672887277757,26.2703855166503,-6.35361982671548
140.667,-64.2380546362639,14.2397226994785,-55.8927329492335,-5.56688678596294,22.1104322108555,-9.73760534739783,5.47268252582394,-7.93700577188418,2.84214173989155,-6.23804940222604
107.9,-67.3170633945513,12.1112127068418,-45.8464137894662,-12.5424797007139,46.1468285173556,-5.04737262802618,7.41467629189125,12.8110857006139,-2.83508604751939,2.52232285392852
81.1,-86.775031316285,-10.1649122998139,61.4129147680237,-7.14639246242756,2.71500160172089,-0.534474999046596,-0.11335212688346,11.1914692475815,-4.60373850661834,-23.8357590358009
153.667,119.397209579745,-94.0352103816323,-9.90652276800972,-10.0723043017816,-0.325034383410249,-5.56975289595597,-9.76389289907659,5.09486759181533,7.79622652721724,5.14527092267833
143.833,116.664169449291,-92.4660945271639,-11.3887369477557,-10.8921712814135,0.156470250933416,-9.66805826662873,-17.3152738207202,6.03196525018176,9.4556748999116,1.97482548793425
113.333,-84.4584815259805,-7.55642553486885,40.6711687624908,1.53642295496056,2.4305836657188,-3.74581395846406,1.24373275572925,-22.0572196644042,9.20724015245252,26.0686432999221
116.833,-83.943222115526,-8.70548469078846,47.9008533768959,0.615143378515007,-1.03309976577799,-1.72555208153817,-0.485460636053896,-1.95846871555261,2.74060047529813,5.19919022464393
98.0833,135.547226827537,69.8708345476931,14.5405515471391,0.153098386937794,-6.97355976944635,-24.0920881684021,0.848055217058472,0.192864445349982,-14.9975422754532,8.58051122992007
98.2222,-89.5714253314619,-6.32282525921423,54.7047503950642,-6.11671383198316,1.90341621330806,-2.4022920447116,0.226041910690616,4.74634178694122,-3.31792474673264,-21.8510009606048
102.167,-92.8498936256434,-8.92751294451883,64.2331026872774,-7.50219546605937,0.720159557990451,-0.157890489726343,0.780407956808988,14.837245992618,-5.14661784765508,-21.7084038703471
134,-15.3089213823983,-24.1100076602542,-4.50801146610444,111.441236877721,3.8159334017398,-3.78028880033856,-4.02316489222255,8.96256753725361,-4.37615686737052,4.58899473043814
96.1111,130.706717259223,60.1143854666856,17.5145405673728,0.395225713642318,2.53252247594426,6.16609898015221,-8.73552899605255,-4.36846589621634,-12.6614431352364,5.01697253393609
129.111,132.846082933345,42.1027213576433,16.0029137472155,4.65942158164147,5.78138073920894,39.2077911235728,6.14790668215492,-3.29628995822995,21.3807192892196,-10.2122640966939
143.917,119.801705652649,46.5428787248434,13.2347467131379,0.166310444654833,-2.49889931940077,-0.344883608296033,-5.2423117865247,-3.5309673681354,10.6603639815456,-22.5007921874811
110.833,-51.8171271341367,10.5245850425977,-45.2855152926147,0.196574154579549,2.31815384839119,-6.89607057281284,-10.0379533794746,-27.7630814340616,4.77621768682246,-9.39212897546261
134.667,-62.4050974803105,10.6543921356235,-45.5571572338684,4.28647006599462,-8.38013874243256,-4.13395102479481,-3.92077180699828,-20.9948996053908,1.66660625233081,-16.7288204425444
161,120.817278217428,-1.69686002909979,4.10340106464568,-2.66415899519856,-1.9718268270656,34.618785331697,59.6650284230883,10.2388248485959,58.2853573524601,9.00985384082518
159.444,124.858481051907,-0.158720978673535,5.17372215665534,-3.91272043477406,-1.80080259506718,35.4685451835016,62.5861950127081,12.5988625431143,62.7948784231652,9.8379656584118
87.1667,132.804976248865,57.4702882496547,17.9085992847443,-0.275589768239138,-6.03337128631219,-6.40964614681858,-2.64791721360754,-3.1640037985206,-6.20729048276787,7.13938701415871
88.1111,-93.751280721568,-9.57669620773145,67.5933827295728,-7.88554397313717,-0.00168716714473403,-1.01434651704717,1.21845483525444,15.2285607140291,-5.74990595458043,-23.8823888302216
151.667,-63.4325550034386,9.00143044932016,-56.0641930862721,-3.89048537460041,20.2724405957736,-8.92465904743382,3.0847546226526,-11.4045206875014,2.87932662276211,-8.74388995762318
131.667,-64.3190969018677,12.5502208750282,-56.9900418431128,-7.88434787650813,24.7464540727975,-7.39937032158021,4.51267179209835,-4.21743837777701,0.128318067938697,-4.85543841003384
90,-89.6271908918654,-7.46953572887999,48.1683967789256,-9.81980948781224,-1.28476374787513,0.645725680256713,1.29206649640719,5.78869604125967,-1.74524585391412,0.280806679003568
159.75,111.487990170313,-61.0953019954456,-9.69221811697957,-13.7499460575914,1.84158240252666,-25.4926503572322,-41.7597181386775,12.127113798788,34.7536805869377,2.42628574947886
97.4167,-91.1359894734569,-10.6995703186878,64.8415118389779,-4.7713545666136,0.370593264790487,-0.507083632643363,1.1766273659933,2.09431246776709,0.0139068566162703,-0.187606448612471
112.75,-93.3545680582819,-10.1241128544867,66.0942185278598,-6.87117265121058,0.915206053092539,-0.676352255810911,1.7408896651728,15.5243936776869,-5.08862113682915,-19.6219054653909
126.167,-92.3905660847647,-9.3921425576552,64.2132370186202,-6.90083320877292,0.477304053225932,-0.557276988216109,1.77418840620771,9.99607863800791,-3.09064891396659,-11.6854797133959
128,-82.6318943220851,5.01149689586698,-9.63810556274954,-15.7336224923927,-26.7177671387958,11.0663181911023,0.713906908535999,35.913974635257,-8.55801760214341,4.6180669929527
122.444,-70.2803667583317,13.5322311874986,-62.7736387632665,-7.66165244151298,-20.0350290551766,0.317106784870591,-2.52030188914046,-4.50590954177531,-0.270139062019548,-4.98706753116397
117.833,-83.4026051523136,-4.56385898103111,26.3526092593493,1.71065500991527,-12.7436043466064,3.79462202002556,-1.25070913011387,-2.94451524321443,1.50596604623484,9.7976318218628
127.417,-66.6710849299535,16.7766245489645,-65.0675722505718,-5.21725530027768,-35.7471620581469,11.9938208899902,-1.97527698720082,20.2563902113193,-1.71027044569412,8.47722621352163
107.083,-91.4528530558655,-7.85878527544758,60.9584929132827,-9.06048903321278,-0.527778134521729,0.00848258187147609,-0.2830312295662,11.9212173767452,-4.25246999823046,-20.6941885007045
106,-67.0766410886357,15.2852938771265,-44.1336168240195,-13.5761858861855,46.5596201102496,-8.16234681007921,6.84566445324187,4.22979926338072,-4.26007085701056,-7.36276172009977
120.083,-61.6526305390328,10.6386362602801,-53.9200014275269,-3.90041727769597,29.1252985998902,-8.46078042648832,2.90238634342505,-4.01418662320678,3.73697674793542,-6.73865963291045
141.667,137.084487808882,59.0559878284082,17.4353362195909,1.67294645083811,-6.2200710706237,-18.5939843142068,10.3184426263041,-0.0613099631293014,0.77384318749367,-1.91367295229189
110.667,-64.7198577648565,14.5717898552275,-57.79734297526,-6.01724109116054,46.9683869122179,-7.19349527120193,3.96445836011705,-0.407699478521637,-2.16342536899914,0.221811360720818
152,-15.0221002927665,-23.4403904029046,-8.46875591058389,120.581171374507,2.28758330738879,-5.87886270060528,-6.61569946674107,11.287025952119,-1.02243164116651,-0.898962228665213
93.75,-88.6007707152128,-8.35038061402011,52.4432815320092,-1.61244738256444,-1.00823065522756,-2.0098229080987,0.102380115492157,-6.71352274950904,3.02140404079451,6.12675292510201
120.182,-65.8190247601332,8.90919598024151,-44.8109715707682,6.13647543344226,-10.6246061565267,-6.88188953671541,-10.1652680878058,-45.4600222574996,2.54808358746262,-19.3671793322628
95.5,-64.0422473882011,12.7720370299935,-61.8729307020092,-10.9848807849363,-24.6372775727714,3.93262568787481,0.264788120876243,-5.62182722520612,-3.95814764919693,-3.12501308478403
102,130.477130096625,54.054556240321,11.5743382148634,-2.81728747910875,9.39009073993602,19.5499471583958,-12.0979248649192,3.77332301993721,10.2599523067941,-12.6786270890987
99.6,-64.4696606996019,5.45569685666658,-18.8376026525561,8.33406546614546,0.217265875142193,-4.99445571483739,-3.41820196475753,-14.2365633559661,4.71790998196012,-5.9488785163372
90.8333,-41.5761154504863,-4.81408699616322,-40.3537642571403,3.9378379091404,37.5888876866491,-9.54958228172028,3.65399046238059,-1.39348450534706,7.05217802543271,-2.9005047579609
116.083,-64.4328378039976,11.647264251804,-59.0456368565798,-4.06236935143319,-4.59901176965024,-2.19608710047798,0.867062602033302,-1.86514754066982,1.8809056852161,-8.37743096863015
137,116.015775864015,-90.5176752329058,-7.46667534537427,-1.08425293120918,-4.48873377126658,19.0672524431152,38.0656792109568,-11.1669555816445,-21.2697936649133,2.01979122703439
111.25,-66.8894594901763,9.73379080928941,-52.4842567498049,3.13654708124381,-18.0989845024578,-2.7262228052564,-6.96520473016615,-34.4158493345815,3.08309686491557,-12.8367292808964
127.25,-69.1063599143864,14.2008180123807,-62.9526032522805,-8.37002394835442,-25.465300226395,2.34014769175822,-0.625617387971666,-1.33184493337854,-1.766144359553,0.583015564862592
143.833,128.347930737644,59.5506796246653,15.2585185888947,-1.81235335226302,-9.79183298968288,-27.4282279246802,17.8979386996021,4.76406270659753,2.41694588478513,3.34573233117807
115.333,-83.3368433259118,-4.09897536881431,21.615122322228,-6.58897171645807,-2.19059656975417,1.50987600506482,0.580340675992868,-21.9828788964094,5.85476017890799,34.853528813812
187.889,121.785682185352,0.313686146353386,4.90260948738446,-3.61764831226946,-1.51603458212257,33.8051293688055,60.6677074514812,12.4344944399258,61.5913904021167,9.95166996312531
121.5,132.53011870389,49.1503634696515,14.9344665464773,1.11628601212257,11.0816089339355,41.4460126156882,-28.5696764771753,-7.2164638973607,-3.71012464496189,-0.081443367613296
141,132.476168628262,59.8806119989788,16.599912165254,2.13277829437474,-6.12209266517353,-8.52275674496812,8.2457505430079,-1.8611030110404,7.5509881848773,-3.34985419689275
88.5556,132.938021386486,65.673241904682,15.4757599360444,-2.58823666012657,-11.3256724009837,-40.3539553251117,9.93871055214807,5.04321912803787,-10.6873334652216,10.5622672640225
112.667,-86.7187634283997,-5.13164278954944,30.325551765411,-6.51662234763587,-3.75774681262789,4.78786287690441,-0.120303626488225,1.19784884121468,1.27559948321514,9.19386128943656
101.167,-55.5279248116871,11.6469579601108,-17.6539345513352,4.15368811187439,-9.02595231592373,-6.88230335913403,0.602953122430969,-53.8966015917275,5.37696150175237,-34.7113304890098
138.917,-69.1747397468013,14.7562980978789,-64.3396285546467,-5.54092396966931,-38.9984174665198,12.1088523458575,-2.53728310067356,21.3265287931958,-3.28253434351154,10.8020666950414
120.083,-66.235952638104,15.0448746600759,-56.3587532859928,-7.4110239510983,-10.8650036292309,3.47389603608877,-0.663709508265833,3.33615213292803,-0.849598081593295,4.16888022650699
123.167,-59.9487947030303,15.779948688094,-61.6735764818319,-6.46114895723387,46.369554822502,-7.80420042179279,6.4456121797001,-1.38680410430081,-1.93249694138411,-4.32307113283417
101.083,-69.1270869495202,13.3180443776514,-62.1357865704264,-6.47450963405796,-12.9451470920538,-2.42276042461973,-0.942587143981512,-8.56894966548495,0.146173576100754,-7.79576308914515
120.75,-61.1901311529412,7.34824240584942,-11.2351031581037,-10.3925793294904,31.4836911579175,0.563056101704557,6.70789494150996,18.7550398241322,-2.63045729251296,7.79735586865492
113.75,-77.8913528977031,2.33039795104915,-7.71594206472855,-7.25940058806796,26.306620283082,-6.10531273456779,5.37808606236407,4.5753686340786,-1.68487224258308,-5.50866438249333
87.75,-85.2860993090813,-7.42779243997488,40.426382645415,-1.67125310749822,3.7349999294486,-1.73860042231943,1.04105277761473,-20.4184697551729,7.99574676629928,32.2614783938472
95.25,-84.222230341462,-9.13572785911436,47.6830291342961,2.89227164227619,4.2425845276244,-2.41410502064932,1.42700728553725,-19.5356049967442,9.06753005685133,25.5793019652099
117,-18.6714276799702,-26.0317566589598,2.10109071806013,97.522164702899,2.33588409554915,-5.50778371658994,-5.16742157037344,4.94338478395685,-1.89006767348713,6.32421466115573
121.167,-65.9356780734767,14.9059053693471,-64.9977819911538,-6.02281967233177,-28.9206415599285,4.01537151463781,-2.20141077549601,0.851501147125767,-1.81820484825875,-0.836937592639579
110.583,-85.0888693884499,-9.15557926324295,50.9160449213915,1.29379994074507,0.733493208109813,-1.98184399128531,-0.288810990684567,-17.2024789900287,7.5394146849393,27.1006024270229
100,-56.3919614884643,11.7867341935677,-33.2228957061901,-0.346752136842875,-16.5683858414527,-2.84494074357717,2.36670457326635,-33.9660630941059,0.523694794391042,-20.389474394667
118.818,114.451667319872,-90.413237383456,-9.96133931786153,-10.2357319668001,-1.207618744047,2.62644619360707,3.36268946810525,-3.14998143773869,-11.9378913877014,-2.7428226041916
70.5833,-91.3500080255585,-8.16901884394643,57.7516462961909,-5.61226060868668,1.27972451355171,-1.12392310794395,1.34503654002663,11.3447624810027,-3.31415002859885,-17.6050888471822
81.9167,-92.5987518549561,-9.62660552034198,63.3647603919833,-6.72800069052606,1.06637901643847,-1.53632014904286,0.868308629411782,8.01263927398356,-3.28526007156468,-17.3681893147374
83.5,139.361982621648,66.6570552233681,16.0222417926453,-1.93012547986313,-13.8760354726986,-43.764088474432,18.2189209695723,5.38937440415226,-3.92842837308772,7.9381950493013
139.5,138.955913437755,64.1257121725979,16.0467743426941,0.950119704673026,-9.26300440769318,-34.4326428279889,16.4168736248107,0.99379642051653,-0.461932666016524,-0.693823603173351
117.25,-71.258314928458,1.99203573396677,-2.17036096433325,-1.33854647882029,12.2029072191492,-7.42778021562407,1.66569502326502,-10.8048766203371,2.57511349472056,-12.123897723188
95,-72.1854681028172,1.86185606126013,8.66928995589087,-7.64210749860587,-2.35811308690796,4.46409556256258,7.00269487837235,-8.77780960700701,7.02420132491038,29.5507072675455
103.75,-60.5388930269229,11.9637445973529,-49.8906657046342,-2.90358130797402,-33.0390612108457,4.67529913904619,0.329001461436506,-13.8994699312681,-3.2864237024714,-2.99241894534099
98.7778,118.464545653987,55.2781623613941,13.0794785491061,0.310610579233364,4.53746640771797,21.1968829421076,-20.7353036942202,-1.7363942156698,-2.26150206138876,7.69997532503574
115.167,-66.5244529252059,14.7297566504848,-55.6020580961565,-4.54646245203148,-34.9676430499177,9.97393574625684,-2.02916813047654,14.3342745189446,-1.84221689994152,4.49879032934147
86.3333,-85.9289499852594,-6.58496341651731,45.9211364313395,-2.23806094661835,-0.239104283545251,-0.215187983543132,0.253887959760103,-10.821691139596,6.20238134011287,22.8474321878917
119.583,-88.3928962181564,-8.02045797282552,46.9399939670385,-3.12096040563743,2.4683300916892,-0.383215203834726,0.650775645791811,-10.7226809465694,1.96336740435738,2.90840827059139
94.6667,-88.2302422904846,-8.32493021824673,50.8423415617873,-2.11264098448069,-0.629068790874333,-1.05205591002818,0.289296633963662,-2.06854667035209,1.24070238978547,-4.66089977773436
90,-43.4005989219202,14.7654596770195,-40.0184418569869,-6.80691283914104,34.5400513828659,2.27661194072269,5.05985998771485,14.1497141293817,3.63512002736449,7.89800007310743
125.083,133.998296992072,57.5840123079024,16.1249716369228,-1.27811303546899,0.572175497293531,11.6994357901149,-8.72583394571369,2.63984909882224,15.5252706862267,-15.850444840501
124.333,137.354029579916,61.8670930970481,13.9939590449773,-1.0253868598673,-11.7183517359521,-39.070820912547,15.0255811750017,3.08052009389943,0.933376726131575,1.5633559856867
90.75,-81.6755073151522,-6.68403533336233,35.3763972379812,-1.00903014818549,4.02408773094292,-1.30525540547212,-0.0428651857213318,-21.4088337148668,9.45213165219801,26.6328367603856
125.75,-61.664211709824,12.4952636262263,-52.1968901313413,-0.363090338223004,-6.52116913386137,-5.26726307970192,-4.42594533803949,-21.7106991234896,0.395187379077088,-12.9469687690298
148.333,121.384058776519,-8.84384180429063,4.08234746071584,5.90991780539649,-1.88654010054142,35.0887431338897,41.0302071635578,-0.677112679071066,37.7718136086149,-6.20935633620967
130,111.86821803351,-86.7018393359804,-8.7417998774144,-5.80537612570485,-4.26727992659657,-1.82676888071241,0.443926640879852,-1.99751625779001,-4.19083446465179,8.62162958728691
102.833,-81.8958986606672,-0.798094617192099,13.2373354963921,-7.91764061693635,-5.99207883740797,2.15023559062692,-0.142163959556061,-7.76884374641487,4.3484097616701,28.9441147223099
110.167,-77.9657017214809,-3.53404137656265,24.2939481911472,4.27912616837695,1.02743570639754,-4.45494572183264,-5.01218675015287,-34.8589169137436,3.233967276632,-3.95257844725309
97.25,-92.6837030206173,-8.96931146184888,62.1530198100335,-6.21905724226369,0.356652567619731,-1.30879564977085,0.50852110040579,7.44593632848793,-3.10074088167288,-17.8270069805583
106,-84.9383789239596,-9.42478206289216,48.2284565242387,1.58540063595559,2.77404998524153,-2.33173000472232,0.597394679193314,-21.832480734255,8.72367215024956,27.1404296630646
92.5833,84.1214821573086,41.0923592714981,18.0236101258777,-4.30309671293517,18.792838668058,36.7518584022912,-28.7936375972666,-0.205178559544004,-11.1159711817633,27.6313876942078
108.833,-83.2568271507642,-4.72875065983512,24.8124779238555,-7.2976485673803,-2.09824481730152,1.45748722057024,1.04511716192417,-17.0682858578979,6.366706438879,31.9967036585862
114.25,-83.7979851185349,-3.76084072391226,26.1528622497402,-4.35988979363819,-6.99787679005528,1.68365910706553,-2.28356222203075,-15.6644274671005,5.73874261419548,29.8485447275501
142.444,37.7023484100605,7.93905706665694,-25.5278041839425,1.25202009842088,-9.93824280096994,23.8795725096727,42.9521724225018,-0.179164215030962,31.8296947104588,1.36024229267325
130.833,-76.2968702031544,6.51971282107866,-24.4144364873456,-6.36444674145935,-20.9448026585179,5.8527367869217,-2.68209976642976,3.44423162564919,1.7535381521189,2.26928847181235
147.917,-59.9867777668552,10.0775028290596,-52.0370887306476,-2.18112873117295,4.27621136342686,-2.26053833899245,1.52747527768703,-4.97392134196565,2.35157057042133,-4.07445649147441
100.25,-89.1298063772234,-9.55173108506798,58.9425048111038,-4.9929931542306,-0.136616864486744,-0.69994964954049,1.20495734819567,5.32344842361349,-0.302238725268179,-0.887385571794474
135.333,101.295133021126,-64.0207540553511,-7.63755176398487,-7.0121147719944,2.35074519120142,-18.8543836751977,-30.6230790225415,9.5425464602394,25.5355905985523,8.65951039321161
101.1,-89.7793733913156,-7.11625601799664,49.5880570246891,-8.09124925452391,-1.10500686816932,2.20062278314258,-0.517248010325539,8.08176712903516,-2.61314897051953,-4.35014934758715
92.8333,24.9524955744577,33.1064316937615,41.8853298797221,-2.18387733679345,14.214327872387,25.0471541278722,-34.2450635129662,-6.93553231810867,-27.370367639812,-5.48638514879835
90.9167,-86.4687767013896,-9.01603081537371,50.2822853426292,1.66439692062876,1.3928499581882,-1.67208996386252,-0.860320387522704,-17.7773376123186,7.10300142980729,27.4929838394541
114.75,-78.9149107090484,7.73504817896621,-25.6920502704598,-14.3768447730871,-28.6737328245078,11.0748432369263,-0.663370931847211,27.1268502172464,-6.54402835682814,6.36235755922011
79.75,-92.1561365270982,-10.9278632514455,61.180979833998,-6.39196594402791,1.51070647611501,-0.561968153004913,0.916808733791406,2.74670221370505,-1.03271407652737,-2.08330050786004
96.4167,-89.1166193591142,-5.43654543587169,36.6395523755121,-6.3867924752534,-2.69456610287702,1.68857803168426,0.730676598376616,10.3031403590208,-2.03795754844655,-3.90582796212057
93.1667,-61.102586285761,10.9047957910562,-55.4029083072931,-5.4456253192054,-26.7060340179637,2.04692614835873,-3.95299685548054,-22.8048051512493,1.28078516044713,-7.74463313910708
105.167,-45.0628027027345,21.7488304182637,-46.5062225221567,-6.12025013418809,-6.09309806266671,3.04474333133273,-4.65315190895454,-1.88015483690985,-4.55184602221333,-0.301024612389702
91.0833,-85.0296835358587,-9.12474122223144,51.5138727562496,1.85441478838542,0.589170444223931,-0.7430401593186,0.250673490200882,-11.8708687385688,5.46527709855239,17.7554553582441
89.3333,-86.2416707423495,-9.02455243987194,52.008284654929,1.56490565045072,1.52158180993049,-1.76253330056427,-0.654341166884982,-17.8496285202324,7.07458353493998,27.4325338400488
98.0833,-88.3629884780339,-10.7599605995226,52.3251668762815,-0.273298990020274,2.6307234397312,-2.89212501509381,1.26591511346417,-13.041536107288,6.07451053454829,19.9384376706027
90.9167,-92.3912237518033,-9.33398763350501,61.8192943374232,-7.32230324534703,0.386623684455344,-0.787416611553473,0.35167381208214,7.32300949318738,-3.07076720408658,-18.442505381927
67.75,-90.6892502490228,-8.98345670942018,56.9303698992166,-3.63607634440417,1.95779576002887,-2.20125997309161,1.60042896793109,6.7055369116444,-1.8464468978341,-14.9894878683816
97.0833,-88.2903117301463,-4.66224992472223,38.6074684148781,-6.77314903108007,-7.02630597392656,3.40539339175525,2.38669166122326,15.9866176759882,-4.62908150212716,-5.7728414496411
99.9167,-89.8015965658829,-7.03457902883936,49.6672999203458,-8.13662810420034,-1.21659226993321,2.25662458511299,-0.583150406048339,7.92969789231966,-2.56662428195462,-4.37675252625549
129.75,129.977786505156,47.9129698097271,13.1939866597257,2.05637127628164,7.93068994412706,29.428947022803,-14.8778217086093,-2.13220654092454,10.5331469091348,-8.18505736777886
130.25,141.083125145456,68.3035577475544,16.7567750674884,-2.28713092809403,-14.4419841902123,-44.8844264267514,18.4921280506301,5.57825692732869,-4.27486310142919,7.7312775956729
99.75,-85.4404578132455,-5.32693229226627,35.2440138956216,-2.390639624332,-6.77345642203552,1.98744829562972,-1.45427980169785,-5.33429350603619,3.17143696731385,7.95780380899584
108.222,-77.8472569768467,-10.654771842044,44.503332754891,8.88961631104272,2.47728272895225,-2.70449500988736,-1.28486631569855,-14.4314682181105,7.421258750928,19.0437981436379
101.917,-79.6611105171072,-10.3593602786692,44.4387483971039,7.87133742179528,2.57715329061353,-2.88682656108752,-1.41839538570178,-14.5716794948438,7.44510559428313,18.1713716603526
98.4167,-89.7616812811639,-7.02787990968714,49.4139352536717,-8.03218763177084,-1.15483075942497,2.21461601190137,-0.54987833504946,8.09982467575227,-2.58381945077899,-4.35586590586571
126.5,131.842230753736,54.9629004688264,14.4924984723493,-2.12050468102561,1.96024972842946,13.8462892707145,-8.11641440815348,3.29660477954184,18.1499590703187,-18.7595688089572
123.25,-82.3491094315783,-3.25071423463499,16.8168756852224,-4.46927271864811,-6.89382216182304,2.3826653605625,-0.0835274075649897,-22.219748761281,5.87200883265347,35.3751914552207
97,-84.740396421168,-8.75621109220901,44.648624299294,1.79270563033133,3.75174523250791,-1.9583757297673,0.757782406106618,-23.1635692883761,7.45792739782022,25.9052067403063
105.083,-52.9659924758235,12.6688659635287,-57.9437554027893,15.9620975341964,10.8214558629138,2.95630493572342,-0.60612451881143,24.4232977692177,-4.58263996891455,6.10474815719199
132.167,-65.7411753333706,12.3672008912911,-60.1046700853448,-1.36146091638538,-34.3735045904801,7.06976572259344,-1.08724419578175,8.34946485071809,-0.481937560995052,4.88978170727615
114.667,-66.5759719899873,11.9191930390456,-58.2494281699239,-7.96631471978897,7.88442730349466,-2.71987336122004,2.79465789659768,6.47601768320264,-0.0114967420867193,4.792334159088
94.6667,-93.2461842497869,-9.11587130419582,63.5488567123901,-7.60186245906366,0.659254217103355,-0.940450218113912,0.343775813990421,12.4105544986357,-5.00668653780506,-23.9217933932839
122,122.447343270851,-91.493948050392,-8.57316101041686,-4.58195850214123,-1.94949684275567,19.4542174072864,27.5744826851556,-12.9244472715242,-27.5248328576187,-3.10920409375552
123.167,120.152205841094,50.1672069517683,11.5473053293548,1.99287472480164,13.9988287794067,32.8465482506905,-25.9286406587716,-7.22175470428998,-9.47706276521829,1.01313466269561
130.667,119.69928700294,-97.5274007046512,-12.0856409041166,-15.6969702002859,-2.62927799796365,-14.3193075671166,-23.4242736897065,2.03225853161195,-1.24651851816144,-3.95589122717947
151.667,130.005060216185,39.7330543261833,8.29764125777652,-0.921791740692093,-1.06032754034179,-6.85641281331095,-0.947573450107709,-3.13172289854037,6.58089079233495,-2.15129622292327
135.5,119.559667125533,-93.3881900228378,-11.3216291241171,-15.436671957943,-0.890892792049843,-16.0005468883584,-22.9183778769688,2.45772599272429,3.40078996928665,-2.56328984185035
136.333,124.67220299396,-101.668699331743,-10.5394849706755,-11.7254625642207,0.775729951644731,3.37056508244187,9.45923954649235,-5.32009569199713,-19.7737605113204,-6.14484846843057
145.583,124.293007305861,-100.364723710919,-11.2184765943699,-13.6667861901173,-2.71420981118509,-9.34738514312505,-16.4608420734221,1.41724984593698,0.900778252403084,-5.788561546081
126.75,119.577561677905,-88.7141895986008,-7.6267612049293,-3.26883098549319,2.95220822962908,26.6054265189606,44.6157400809263,-16.1493292982172,-46.2194180642053,-2.30596445874441
131.917,125.744807671488,-98.2563102250422,-10.6878185234087,-16.1488354319248,-0.255382983406285,-9.99294225431137,-16.9418207723527,3.27708207322014,1.72208145139939,-5.30398860419305
141.917,106.526921505458,-83.5635820059853,-11.6229986149196,-10.7671913908525,3.22708388473612,-15.0492125192384,-16.5407125870084,2.02750242358682,9.0980645271989,5.85142926111181
133.917,122.765332382505,-96.9501248468887,-10.7805469884672,-16.5104231857982,-0.444179083989806,-10.0758660005016,-16.6880924157967,3.36504972692561,2.30264628742277,-5.02489948994336
154.417,136.731675663048,60.0449153595755,15.59355546739,1.02014777279562,-2.91989960063309,-12.0942575213967,2.33150250440623,1.47429911792171,-4.27122049343079,-2.08955519421949
130.417,120.205121525623,-89.3899917951833,-7.64283685600159,-5.32517912783456,1.62366790324516,23.6810922042242,46.4263767333925,-18.39921198882,-40.7872442241056,1.44148679336086
132,123.36831682058,-94.8308291204551,-9.15502282371586,-11.5948590019082,1.31089558810595,6.43463923760754,13.4744361562292,-7.04959898114535,-21.1678161719074,-2.97264164777293
137,71.6900754607975,-80.5729788720613,-15.0220219172085,3.4290943140919,10.4181528769602,15.5679963022576,15.3631102331213,-4.21407214942704,-11.0639918712831,2.40363527711109
133.5,120.780835042712,-5.86509262391594,0.630428595824564,3.05251619463901,-5.57440715393714,-14.0940238079495,32.36945507384,-10.8110751643507,-36.781003089289,7.29109598168905
81.5455,-90.9120755644275,-8.98168964295353,57.6172235406745,-5.02998230871899,0.337796335384015,-1.62617889688188,-0.0104484782123356,3.56400047764333,-0.730617076210532,-11.6370771405177
112.083,-85.5767258399898,-7.48966742103699,39.0966286870968,-2.39675973568636,0.574836505780508,1.58780775393924,-0.11703448710753,-1.9127171479582,1.47907939435627,4.14000552988746
135.667,52.9269684637821,-17.3018926887875,3.88495335758951,40.3600493061714,-4.15704359451244,22.4805722424283,26.8825486697711,3.86341430581437,14.5606183323652,10.442616588992
118.583,-87.045869764772,-4.92896067620611,24.229742725244,-6.18431381041094,-10.2579530581076,3.36925813275899,0.152992266679856,5.48175900625455,0.260562935165698,16.6231176133261
129.5,5.83423113538118,-29.0507003583664,-19.7753966806761,43.7395655362164,-6.37320949602889,3.97024920245343,4.27289663781818,-9.54470497625613,-10.0758089523732,-3.62763321477183
131.75,122.144267069207,-99.528141025292,-10.2172572807196,-11.5103480735205,0.415218113028904,3.85973400967003,12.041285893023,-4.72948291372669,-20.7815931064389,-5.79974962821315
123.917,140.81063476233,68.2297155755552,16.8896805846471,-2.35200660868377,-14.152661561817,-45.2628566925736,18.346364210314,5.73966336334395,-4.39122977083507,7.84524020737872
107.5,-62.9716578877149,10.2795473288401,-45.7550581132208,7.19983675531682,-13.0483095107148,-5.88627796037685,-9.36181631456295,-41.1262335256377,2.22979953208913,-15.4014971500731
127.667,120.340368191126,-94.1242750270263,-10.5675669906595,-10.4344465348113,1.38249900157106,-5.17997469516731,0.494859572842662,-0.523001212564243,-9.21891338054427,-4.55968228442826
126.333,-87.6638406548217,-9.62263898588671,51.2202677990738,-0.182272519790195,2.8103048826013,-1.94078700550489,2.46077073044118,-2.96675432165238,2.49115416744967,4.63656129620588
127.25,-67.8017209007568,3.3182133522873,-26.2087705344479,7.63254442016162,-3.4287370124424,-7.32716486619173,-6.11497938924247,-26.2282313500847,5.82185419000822,-10.4819838813458
131.083,120.191609836392,-97.1973453284465,-10.453604515277,-16.2877434992903,-2.14998560066789,-9.62779582692406,-14.8568336523963,0.603741796063521,-3.46877620147943,-2.69605778426389
118,-88.898401364686,-4.4769218737517,36.8815637457309,-12.1955680749681,-12.1901900322203,5.56365235500317,0.491464685277671,22.596570281593,-5.88241801244704,-5.4104171641884
98,-89.408759817715,-8.01970126402618,56.6820183022716,-5.90638276853163,1.93682241749986,-1.10913479278285,1.03019960672056,10.8637807823319,-3.49035991708476,-17.2368854927711
93.0833,-56.4339562500323,8.39045963890431,-13.787033410688,6.83119760391119,-7.12106691054526,-8.17383937128375,-0.611893596805416,-50.8011064834069,5.82445324375412,-26.28364518554
88,-92.883784726482,-9.23755212583779,65.510113194195,-7.29611921308731,1.79469586808316,-1.34344369427076,1.21977339642558,13.1705858670362,-4.75047436355492,-21.6956164978004
119.25,-62.4082337104378,9.99905370495045,-17.433208407347,2.91799640332002,-8.58870321258465,-7.35872178913104,-4.16315588728797,-51.5093984930562,6.64722276459602,-29.937321388013
107,-88.1054594465756,-8.60204053488628,55.1240969900484,-0.443043718620183,-0.861468181487029,-2.44328259450068,-0.208610958696249,-3.70408878816658,1.0574789631892,-0.841365479903164
119.5,120.383109837841,-94.5199348536284,-10.0822323295603,-7.70137461519215,-0.95123769431683,8.92317211052579,16.8721895923579,-2.68695391641495,-8.6108113824787,1.21929678162391
130.75,121.079221001259,-96.3762775277928,-8.94660428144032,-7.29719438776803,-0.749057300664266,4.72851396356485,9.86503793456214,0.113437189405952,-9.86505689083608,6.52725989000031
133.917,118.462165946032,-92.9883208416818,-7.16052844737958,-7.60479628744842,-5.50106250449197,0.417716868241974,6.72525436810062,-1.77621277076857,-2.38211379729957,4.1333020262409
139.75,121.906787555989,-94.9208885503812,-10.7697505330251,-14.342045466719,-1.46521137195254,0.116089597269522,3.50477448576988,-2.31095823133274,-0.680722539974425,1.31907586552475
118.75,-82.2508739928008,-3.54963115406449,15.0365902572068,-3.27395672309513,-8.40779674734336,2.33339559652308,-0.603625813816836,-22.1763833043873,6.24966683402266,30.7246100573154
119.667,-66.4435379980183,14.4879985508035,-64.5346322524901,-4.80606678020844,-36.9544858980176,11.9199092908081,-2.34094789622705,21.4441521651921,-0.920464488140901,9.18260416408862
100,-90.6019211233703,-9.35866918701937,64.5731571691429,-4.92679341235011,-1.53791101510095,-0.358548720483471,0.965630110299244,14.0696116199751,-3.98372455016531,-18.3970956691292
132.583,-63.0930227076341,9.54870756396071,-47.5915235623987,4.98212558242049,-6.07071186540011,-6.00306970047714,-6.93844215582313,-35.4829565287853,1.83882257257963,-12.9498702469401
128.083,-64.5674382327,15.6953939428841,-64.4876046544626,-6.94939798828286,-15.2938146142204,-1.02925997615893,-0.547953743832044,0.0730822519204532,-1.13368466024313,-4.27314047660761
128.833,137.533008361522,59.8240652575957,20.2968918879208,-0.626057362711857,-7.83710026765659,-27.2130223144631,12.2399810442002,1.30630763410559,-3.29047053030841,0.130050297490911
113.083,-78.1335312367646,9.16572352657199,-29.239770254515,-10.6994871618192,-32.2319458241259,11.2473878266424,-0.602309142385975,25.7100525830375,-6.93749583532908,4.94756354422534
88.0833,-68.2993464660863,1.79965416889513,22.4530363739911,-10.8134865235664,-10.6372816223084,3.11541040239354,1.90631055410806,23.2943061136112,-3.77547496726511,8.95892224505564
120.583,-63.4026391036959,12.8657291961651,-32.0008524913194,-5.82170405100654,11.8513341413406,-1.96493825972726,-1.3571231368735,3.83422273787425,0.867338872945403,-0.783123991751141
101.667,-65.4455374872077,12.5074959235122,-56.2786128876783,-8.93063050362269,25.9263603698846,-7.98307436370606,5.90084268003872,2.20926333028184,1.10937030349453,1.1512059323584
121.833,-72.7558652011929,12.1212308896446,-50.0494187524186,-6.11115067852751,-35.1388611839198,12.4012936213347,-0.754207938760309,28.9277709731078,-5.34776956076029,9.03782027069846
118.333,-77.8321919170687,5.46701544672736,-25.2767862788338,-7.75568467155767,-28.8221707596458,12.8385369293998,1.13708561464412,31.7140229095501,-4.3360175347587,20.3434306798556
117.5,-66.0740138647448,11.8540982113997,-60.4721620273768,-2.23711231377807,-36.966432548629,9.05844490462386,-0.241333272712492,5.27560926213589,-0.128913066593107,5.86600600927673
91.6667,-56.0389635478486,14.0280961662154,-52.7355732305757,-3.72180483898749,60.4282326370874,-3.07165482276018,5.43959342088484,11.1949321575413,-3.65800118845022,4.82580365389039
106.833,136.910389795665,63.0672252814138,17.0192357778499,-2.11180629387427,2.942090793943,14.05099023711,-17.2798787693572,-5.55263470820356,-13.206299369609,5.16340560136293
94.3333,-47.3518683192766,15.3942922978815,-49.8363060538979,-8.27255802608644,61.2011110512168,-4.61252607034087,4.37186944796679,19.2311129146991,-1.45704382637657,10.9526194542805
109.583,134.968196352729,61.5983671186131,16.0265403943939,-1.39983660151508,3.34911029188245,15.6847421841046,-18.6148215909178,-5.40336562419196,-11.3540328063331,4.52537810055749
111,118.039370193505,55.0954403340879,11.3513202642257,-0.811827486145741,15.158920230966,30.9546054622741,-45.8931572209211,0.0136666646435285,-23.7160845186773,8.09221078973322
81.8333,-43.7479824786767,17.8551942245924,-47.3953663571944,-8.82910635817866,48.0766500498297,-5.81331225150969,14.035366584561,11.027428422144,4.8744045623476,4.4198215745044
91.5,-52.5546917509777,16.1963738266383,-60.1507483186011,-8.50301789643751,54.575712146155,-3.17939500931265,4.57392881093184,16.6394622917157,-2.94032950466376,6.26910505377916
84.6667,-67.7975679948866,9.89474925657654,-11.1278040650756,-16.9915010644482,-0.757170705507964,13.9801637587428,-7.3560771757358,31.1946145440764,-14.473397535122,-0.71640298112656
75.1667,-47.6296012887777,17.1611962047774,-49.3536456303321,-8.35443851358929,52.5569445630564,-8.17534198108621,14.0143321423209,12.4633859382063,2.88882918928663,1.30017794629633
139.556,-1.20707114655011,-25.7518473332972,-10.4444158863967,107.588731435234,-1.68372020026511,0.877911181719731,-5.85660813415812,6.11649689182914,-6.67675946289283,-2.2469120485537
121.167,122.698622429715,-88.2369537146195,-7.77725485226032,-11.9732674307739,-1.73165231221849,-2.29270640439194,0.35067291805343,-2.3665812314585,-8.05502050709789,-4.06154349358328
121.444,120.069276301425,45.594459618745,12.294879089001,-0.545731178481616,-3.4964605675612,-1.90606530193151,-7.5220445654445,-4.38960356635866,12.797745054105,-22.7060785029896
130.25,-86.7991596836295,-6.49411647959493,39.1186736122318,-7.82658053554065,-7.17902137599019,2.47511923232396,3.26170308563853,15.8648119852896,-2.79371705348653,-0.21469055490569
87.6667,-71.3769284667247,-5.6212514554627,37.0028123199586,4.48734093795935,1.23618168155839,-0.788943088906722,-3.07525592421905,-9.38207423698587,2.33905827671993,5.79882931182405
133,-64.4339285916167,14.5332668350008,-58.27312673936,-7.35995109043476,27.9884207651833,-10.7480688133181,4.65035102826018,-9.20005165060457,1.30177298023459,-8.42376319820695
110.333,-91.0150578832473,-9.24777777348123,57.793426335978,-4.81191614945795,-0.00234346724990809,-1.18465281582914,0.207233600992776,1.47456642288783,-0.678131688640449,-9.80451307280872
87.3333,133.591491420053,50.223742856905,17.5461558068774,1.69895852863125,-1.2772630644833,3.4026001166173,-1.57576638926796,-3.8501571478505,7.69357534188893,-13.3824368178037
143.857,-80.1365962361968,-6.20484492535892,28.8202405930551,6.61775511603605,3.32751777776247,-4.1336585638264,-1.76102191885961,-19.1064960577314,5.12508582009577,1.41115753624941
91,-49.6593731689232,7.97158662404025,-54.1312253404279,-4.67634049715322,65.0850218184806,-4.10062276031144,6.98140868129002,12.3821958007177,-1.00794852831589,0.577448349590953
86,128.992257265408,64.4430773927167,14.9310241322182,0.417124228497566,-6.19484505165552,-30.0793339957255,12.2288705776276,7.48922356571311,-11.4865397396331,9.60099232764138
89.0833,-69.3152302161177,15.033685711478,-65.272346845525,-5.5961699245721,-39.5825441602965,12.2681344467216,-2.65616075678473,21.836050633648,-3.26872093603014,11.0571976538814
115.917,-83.509522378602,-10.1769527211052,47.0980220404029,4.53805173497505,5.0835798784185,-2.89350599681924,1.07643323432151,-19.5906560673727,8.3139697138719,25.40091468815
97.25,-89.1261006408616,-10.5819534008243,56.0215647702668,-2.38375699331652,1.71947519461155,-0.764860823738822,0.543231504158057,-5.09529525781733,2.12132029703492,8.72873817852714
108.167,-90.0096154168841,-11.0115113831087,60.2913051093736,-2.70506884999492,2.56848955200445,-0.688999902939357,1.47241226193974,-1.16874977993108,1.43278603674409,6.114595926769
127.583,-81.6413560340413,-6.56293161586103,32.4263488603955,2.58090822226746,-0.405156496713037,-1.51027860711426,-1.02760169003181,-27.3311472333267,8.81569541394913,23.2391983573242
113.667,-87.4990485685971,-4.63639165186816,27.2109006934776,-5.65220087479725,-6.70440477866978,3.2892138392447,-0.696314785545844,-2.6994352777169,0.974714569217875,9.51357884617652
104,136.955907354834,55.0742709698041,14.4837588100622,-3.02759922357982,1.53721928081527,14.6691773612777,0.105036787379777,-2.30217478022385,-10.4740339500011,7.69959794612948
107.818,-89.6725080838167,-9.90156889442564,53.7730531889425,-1.2614227919183,1.80458896087417,-2.11732407643884,-0.463476929191706,-4.61806870224419,3.2110516222608,10.6792173635874
107.25,71.2338270334438,36.9265481509172,-7.5658410368593,-7.30393299787556,10.6713923959412,32.9247748589098,-31.9179673848814,7.78189458980242,-22.5714957316155,16.1606901165703
99.75,-84.1829021792816,-7.33096981272347,41.106586780168,-2.89319348687375,-6.57741741720131,3.05805082718009,1.11472421426937,9.29842363867558,-0.455174467468125,9.14599918136483
110.167,137.310293621025,58.8852909620105,17.84899317988,-3.2570741896486,10.6561547620687,39.4781779216709,-32.1862789376221,-2.50932392121514,-11.1641942866153,2.92998319629072
105.5,130.359979977701,63.1547944526863,18.5280734201462,-3.29695378644046,11.6307402103288,18.9805043653695,-25.5728117092123,-12.9497195225858,-22.8574584903615,8.11222353554258
98.1667,-53.8971697805633,15.0830057505447,-52.5256766911072,-7.23836433299844,64.909019593172,-5.90079875972929,6.41156621332286,17.3165855708897,-5.8064077108351,5.81250790379046
102.167,-48.2502662222303,16.3132892065851,-52.387362892243,-9.72686654848678,61.4814331171966,-5.62873229318095,2.45741438537505,15.8652421115358,-6.02253787392536,3.17607630353009
96.1667,138.034346871074,53.0161794495834,17.5608394288358,-1.29576656253557,3.96397997026288,29.9473498205716,-0.761017087487283,-1.28495313017139,1.82636908456164,-0.17205730510392
78.3333,-65.0281134700372,7.0336848575087,-12.3860021577677,-5.81358971567531,42.3216564993727,-1.60424544076233,9.33195123661299,7.55179579917591,0.705966225227882,22.9342238098992
88.6667,-18.4705944954381,22.7514623133813,-41.1199187190859,-11.1305031140083,39.7555991219596,-6.30982104158339,10.2201174958062,6.94172884973386,7.03046601244829,2.16428472198706
94.8333,-49.3576924507658,10.6072616165653,-49.5960670919925,-7.06282038851156,59.8711933961315,-6.80735791159445,3.24757238705621,11.9223525606734,0.444845566658066,3.33067728088177
107.167,129.023740946728,62.0864425792664,19.9676987550713,-3.7771751908494,5.96869477320965,13.5187870097904,-21.4790726161119,-12.2785408117669,-19.2136850152355,4.19453262645115
100.5,-36.8256233014662,12.0781518158807,-2.6044518034012,1.81525775805611,0.557680736774881,-0.971085002761688,-3.05080297508173,-15.7139224608493,1.60033440692725,-4.35063805592737
99.0833,-68.003841368476,11.0578357071676,-62.0463487349482,-6.90554638872646,-22.1948696647134,3.33925518847366,0.505564432433833,5.57901653631256,-0.301655405887671,1.94920737555455
125.444,112.377453876178,-82.6210458180149,-11.4206982056074,-11.2977943609631,0.50364958826831,-23.3419339421676,-31.5313134338489,8.05522619110762,14.6703403512141,0.876328574634121
101.583,-52.2606852639639,17.3855559312142,-48.935870059949,-4.03093928619503,34.9228684592081,-4.4796187894418,9.67456556600704,5.91059004901301,-1.84346438394859,0.921912810405261
98,-72.1565681587348,5.24189934003813,-16.6603705748655,-5.78803626420346,18.8574262701591,-3.17912529395742,4.28615780383579,-4.35617721495629,0.85856540112242,19.3247965638052
118.083,-74.2202181065419,13.1264077284281,-45.2607624140044,-10.8786702948839,-34.8859461203651,12.9717591131174,-2.08081076642742,28.4049555013829,-7.10962169751319,6.80167288765335
127.273,127.04990135193,-97.9670852922576,-9.91476986722502,-13.4741883932042,-3.23856746289336,-9.19548085598661,-15.0675591790395,2.45066591996395,-0.770980031580723,-4.07531652500006
127.167,138.485007491726,63.0935556492926,16.222210781885,-0.247698843268676,-10.1620791067674,-38.0849094970419,13.2258942648056,4.36008431107972,-5.19700307535914,4.5735731498753
117.5,120.114359927902,-89.4912620876143,-9.12410608990472,-7.18015953294378,0.33788197057525,9.37287604751065,24.3307916180969,-6.18535066589154,-27.9084921170325,-2.81604693595579
125,122.388162726781,-100.806650473248,-11.9228807124113,-15.3991459701302,-2.21352296602407,-14.8448732937939,-22.5599630885496,2.36630848823209,-1.8536487739998,-4.09468884980904
151.429,18.1102553443939,-30.9858259833569,-11.2497320395375,101.807261399409,-5.94746795935143,-2.00687112765402,-7.27254178990542,7.20768206627084,-4.05459744808962,-2.02890492943732
75.0833,136.628045081477,67.0009071134637,18.0915138550528,-2.34225324288269,-13.7921684002486,-41.1716096720573,14.7140377403566,4.59801736676376,-8.9442238707631,11.4916269949409
145.917,114.346616102509,-25.5454222389809,1.01140872450208,6.16709383545194,1.42221605305754,26.2637675855128,33.5563801859928,2.76942466257545,38.6923734832161,-3.50693107447156
90.3333,-64.6486664460403,14.9289581767893,-53.9992987458148,-9.13690263670871,54.9269745300382,-8.86540177615731,6.59223900243221,8.02659442924596,-2.1810119863259,-2.43978208471533
110.889,-71.6653155213956,7.79712258673892,-20.1750157810727,-6.27586479462519,-26.4673153521565,6.69886487023163,-0.804785398713298,16.8793175305497,-5.10968458061564,-3.05413916372078
125,111.107392881793,-92.6123316041354,-9.89161514918011,-8.75486967381412,-2.1501835935994,-7.00125777284074,-9.15158104167863,2.70318107384348,0.206258631033931,2.48692675817534
106.889,-60.5383108691421,12.0442596615077,-51.1851835292245,-2.89424747894232,-33.637840853351,4.83022089746543,0.764783724914634,-13.0393003960506,-3.71058945932953,-3.17409832086017
91.8333,-52.0620003638886,12.9976033818198,-47.6426410508614,-3.77726574398243,66.0624766841998,-4.37621046723023,3.62731110052621,13.9412275770159,-8.36157192120065,5.8703040350641
166.667,-0.467590461599983,-27.5000894518169,-9.65783899378101,122.269177373415,1.50921089291155,-2.6515946742414,-7.83309581613084,14.6366119715241,-4.34517085020148,-2.892300773546
111.667,-92.7064844889623,-10.5380736167045,66.1616319312188,-7.61864697065052,1.06205364629753,-0.305041399404515,1.82828457147821,16.5579368476045,-5.4792121038761,-18.8239580187594
103.25,-45.3475281194565,1.24691845114436,41.4076744025445,-1.73462184712945,2.06808764445272,3.73551357749718,-5.92436713775212,-21.6238978539342,5.84258891950291,21.9542762195585
96.1818,-67.6517810404113,6.4092605300079,12.8972945404033,-10.3667958508921,21.7946112328066,0.12999942222842,2.18287817490736,15.7645303995812,-7.17064030704452,-16.1831893049808
88.9167,-90.4413235386725,-8.69651663712926,45.9370572384885,-8.13320103579618,-6.11812686856472,1.96080647048161,2.00083427027534,18.8964823120299,-5.47632313501019,-2.52836062815342
101.583,-89.3437136676451,-10.2499884794769,59.5853424896258,-2.25497453311605,1.19017903068137,-1.97722755944269,1.10415268004378,-2.13118775798736,1.03699517000353,1.50999251488099
127.25,130.510715514245,55.7985737127489,14.9001837463417,1.13104224525884,-6.89572113434894,-12.0196345761937,14.2767599187074,1.20887589844514,-0.835181322542726,-10.8215250810963
100.667,-85.5804257371644,-9.87305350806343,54.4900477632123,0.349726584589916,1.23380739822736,-1.5762568788692,0.735488860444191,-12.1124378500417,6.52585121014421,22.3989735720465
147.25,137.333056736334,61.4407797758815,17.8599550537142,0.371367720366731,-11.1099081992471,-33.9442592856069,17.4438740018132,2.31646599369361,0.942265188966886,0.961713745960284
119.25,-83.074516017275,-4.84275773089297,29.9410673186712,0.200118664219085,2.78192718678603,-3.6020547918558,-2.28987162919862,-29.0824483002858,3.87484813072225,0.398734357148401
103.333,-92.4306419221377,-9.96017056905325,66.1381341691053,-6.71033878532853,0.158790368970468,-0.915997199449088,1.62423710808329,15.2863887984014,-5.52285730557075,-20.5933903257222
